cdf,count
0.0006,0.41
0.0097,0.45999999999999996
0.07013333333333333,0.51
0.26726666666666665,0.56
0.5603333333333333,0.61
0.8046,0.66
0.9423333333333334,0.71
0.9892666666666667,0.76
0.9991333333333334,0.81
1.0,0.86
